Title,URL
The Best of Essence Cosmetics,https://www.youtube.com/watch?v=5ByNytgtC6w
KYLIE cosmetics is a SCAM?ğŸ˜­,https://www.youtube.com/watch?v=Ws0RqMMelGc
PROBANDO LA NUEVA COLECCION DE MAC COSMETICS ğŸ’„ Cande Copello,https://www.youtube.com/watch?v=l-lAO-y9rNM
Doing my makeup with JUST KYLIE CosmeticsğŸ˜³,https://www.youtube.com/watch?v=I5JUti01VQ4
Would you wear any of these shades? ğŸ˜±ğŸ¤­ğŸ’— #shortscreator #lipgloss,https://www.youtube.com/watch?v=WhRCuRSVtuM
Insight cosmetics pore minimiser primer review - best primer in 100 rs,https://www.youtube.com/watch?v=pRkTWQBUQ7Q
Masterclass con Mac Cosmetics * AcompaÌnÌƒame a it de Compras a Mango *Haul * Daniela Liepert Vlogs,https://www.youtube.com/watch?v=apg5a0niWYA
je me maquille avec les produits Tarte Cosmetics pour la premiÃ¨re fois !! pt1 (suite en comm),https://www.youtube.com/watch?v=Enw16MsDyEQ
ELF COSMETICS HITS &amp; MISSES Part 2,https://www.youtube.com/watch?v=IJcwQBzZFeg
DARK MATTER PALETTE swatches  | Melt Cosmetics,https://www.youtube.com/watch?v=KLxKyxNpH6M
Jaclyn Cosmetics NOT a Priority new owners say + Makeup Revolution&#39;s BIG SECRET! | Makeup NEWS,https://www.youtube.com/watch?v=iqVAQY-JFRU
these cosmetics will be banned in 2 days..,https://www.youtube.com/watch?v=3gof46qxteU
Quick Bright Eyes with It Cosmetics Superhero Eyeshadow Sticks,https://www.youtube.com/watch?v=E4oxcISUSao
Why I Wont Buy Kylie Cosmetics !,https://www.youtube.com/watch?v=9YUq9-XL6jM
Testing some of the Mac Cosmetics Squirt plumping gloss sticks ğŸ«¶ğŸ¼ #makeup,https://www.youtube.com/watch?v=cP8ZFJej1Y0
WHAT?! KYLIE COSMETICS HAS NEW LIPSTICKS?! ğŸ«¢,https://www.youtube.com/watch?v=Yn_tpooK1Q0
Kylie cosmetics are UNDERRATEDğŸ«£,https://www.youtube.com/watch?v=WMZMgTcdOOg
canâ€™t get enough of the new lethal cosmetics wildflower collection!ğŸŒ¸,https://www.youtube.com/watch?v=KdufcoDl_jg
Do you prefer clear or pigmented lip gloss? ğŸ¤”ğŸ’— Restocking June 9th 4 pm PST #shortscreator,https://www.youtube.com/watch?v=CwWU_qhHJYg
GRWM in Turks &amp; Caicos with Tarte Cosmetics ğŸ¤ğŸŒ´,https://www.youtube.com/watch?v=Qt5ryldepAs
THE RISE AND FALL OF KYLIE COSMETICS,https://www.youtube.com/watch?v=NcwXlf3Ey0o
Honest Review NEW UnEarthly Cosmetics x Heather Austin RESURGENCE Palette + 2 LOOKS,https://www.youtube.com/watch?v=8Egtq6_5FJg
KYLIE cosmetics VS r.e.m beautyğŸ˜¬,https://www.youtube.com/watch?v=eYIJMkha9dQ
La nouvelle palette Aim Higher de LH Cosmetics = ğŸ¤ (makeup rapide et lumineux),https://www.youtube.com/watch?v=KO941dBUq40
&quot;Wing Liner&quot; Tips &amp; Techniques Using Persona Cosmetics and Girlactik Essential eyeshadow Palette,https://www.youtube.com/watch?v=3vwA1ssbhHI
Adding Kylie Cosmetics to my HUGE collectionğŸ˜¨,https://www.youtube.com/watch?v=eFK86a2HLv8
ZARA COSMETICS revieğŸ˜â¤ï¸ | AMULYA RATTAN | #zaracosmetics #zara #shorts #amulyarattan,https://www.youtube.com/watch?v=BmfA6hVbEe0
HEATHER AUSTIN X UNEARTHLY COSMETICS! #makeuptutorial #makeup,https://www.youtube.com/watch?v=t19CiGl_7o8
ELF COSMETICS HITS &amp; MISSES,https://www.youtube.com/watch?v=I5aDh9a7LX0
Heather Austin x Unearthly Cosmetics Collection!,https://www.youtube.com/watch?v=GQvVJ93v6eQ
Which hydrating lip gloss is your FAVORITE?!? ğŸ˜± Restock in less than 15 minutes! ğŸ’—âœ¨,https://www.youtube.com/watch?v=C8PomHRoYOA
Lethal Cosmetics Wildflower (even BETTER than Nightflower?!),https://www.youtube.com/watch?v=x2lKp2JuxdA
Pedido para MARCE âœ¨ #parati #xyzbca #businesstips #packingorders #cosmetics #aesthetic #skincare,https://www.youtube.com/watch?v=2xlYm-uUPS8
Trying kylie cosmetics for the first time ğŸ˜±| ğŸ‘ or ğŸ‘,https://www.youtube.com/watch?v=qxh0hjS33k8
Why I stopped working with Benefit Cosmetics | PatrickStarrr,https://www.youtube.com/watch?v=5aSm0IDQhys
FULL FACE OF KYLIE COSMETICS âœ¨ğŸ’•,https://www.youtube.com/watch?v=20-OCnsTWro
Full Face Using HOURGLASS Cosmetics,https://www.youtube.com/watch?v=VHzvG-LKSyo
Like si amas a mamÃ¡ âœ¨ğŸ¦„ #parati #xyzbca #makeup #cosmetics #parati #viral #maquillaje #mama #shorts,https://www.youtube.com/watch?v=VM3B749lYns
Makeup Using ONLY KYLIE cosmetics,https://www.youtube.com/watch?v=5gn3qci8MLI
LOS MEJORES SHAMPOOS DEL SÃšPER 2023 ğŸ† | MARIEBELLE COSMETICS,https://www.youtube.com/watch?v=CK2PIGRWLU0
Letâ€™s go to Tarte Cosmetics tiki bar in Turks &amp; Caicos ğŸï¸,https://www.youtube.com/watch?v=DUxvwmITu78
NEW IT Cosmetics Bye Bye Dark Spots Concealer vs Bye Bye Under Eye Concealer,https://www.youtube.com/watch?v=-wbypDRmlCo
"TRYING NEW MAKEUP: Makeup By Mario Blushes, LH Cosmetics Aim Higher Palette, RItuel de Fille &amp; MORE!",https://www.youtube.com/watch?v=4OcghZZtxA8
KYLIE cosmetics VS r.e.m beautyğŸ˜³,https://www.youtube.com/watch?v=7qAWJw8yiVk
India à¤•à¤¾ à¤¸à¤¬à¤¸à¥‡ à¤¸à¤¸à¥à¤¤à¤¾ Cosmetic à¤¯à¤¹à¤¾à¤ à¤®à¤¿à¤²à¥‡à¤—à¤¾ Cheapest Branded Cosmetic Wholesale Market in Delhi #fmcg,https://www.youtube.com/watch?v=FR-n3tQcmQg
WAIT I LOVE IT! What do you think? ğŸ˜±ğŸ¥°âœ¨ #shortscreator #lipgloss,https://www.youtube.com/watch?v=NC_-6PBsjDg
NOMAD COSMETICS OKAVANGO SAFARI PALETTE | 3 LOOKS + SWATCHES,https://www.youtube.com/watch?v=UxIDDOYj1Ss
STOP BUYING CAPTAINCY COSMETICS In Sea Of Thieves! #shorts,https://www.youtube.com/watch?v=1MCL7nJWujk
Presentazione della palette THE MASTERCLASS - Neve Cosmetics ğŸŒˆ,https://www.youtube.com/watch?v=QHNfOB1qAjQ
Making a custom lipstick shade with the Lipskit by GoPlay Cosmetics #goplaylipskit #goplaycosmetics,https://www.youtube.com/watch?v=9bLewB5PJVc
