topic_title,Title,URL
mac cosmetics,,
it cosmetics,,
it cosmetics,,
e.l.f. cosmetics,,
e.l.f.,,
kylie cosmetics,,
cream,,
sugar cosmetics,,
thrive causemetics,,
product,,
freshly cosmetics,,
beauty,,
brand,,
foundation,,
lips,,
cc cream,,
lipstick,,
it cosmetics cc+ cream,,
sephora,,
lola cosmetics,,
eveline cosmetics,,
benefit cosmetics,,
e.l.f.,,
,the best of essence cosmetics,https://www.youtube.com/watch?v=5ByNytgtC6w
,wait i love it! what do you think? ğŸ˜±ğŸ¥°âœ¨ #shortscreator #lipgloss,https://www.youtube.com/watch?v=NC_-6PBsjDg
,kylie cosmetics is a scam?ğŸ˜­,https://www.youtube.com/watch?v=Ws0RqMMelGc
,these cosmetics will be banned in 2 days..,https://www.youtube.com/watch?v=3gof46qxteU
,probando la nueva coleccion de mac cosmetics ğŸ’„ cande copello,https://www.youtube.com/watch?v=l-lAO-y9rNM
,stop buying captaincy cosmetics in sea of thieves! #shorts,https://www.youtube.com/watch?v=1MCL7nJWujk
,the prettiest nomad cosmetics palette ever?!,https://www.youtube.com/watch?v=1ZSbs0owAXY
,how biotechnology could change the face of cosmetics,https://www.youtube.com/watch?v=jDp_R9YJgOY
,why i stopped working with benefit cosmetics | patrickstarrr,https://www.youtube.com/watch?v=5aSm0IDQhys
,insight cosmetics pore minimiser primer review - best primer in 100 rs,https://www.youtube.com/watch?v=pRkTWQBUQ7Q
,quick bright eyes with it cosmetics superhero eyeshadow sticks,https://www.youtube.com/watch?v=E4oxcISUSao
,to-die mond blush kit ft. daniela rodrice | raldh cosmetics,https://www.youtube.com/watch?v=s38FWOmr-JQ
,elf cosmetics hits &amp; misses,https://www.youtube.com/watch?v=I5aDh9a7LX0
,satisfying makeup repair #54 | asmr repair mix cosmetics,https://www.youtube.com/watch?v=pOHBuuRgVBs
,no las quierenğŸ¤¡ #parati #xyzbca #cosmetics #aesthetic #makeup #skincare #maquillaje #viral #shorts,https://www.youtube.com/watch?v=dJc4U6USaP0
,full face of kylie cosmetics âœ¨ğŸ’•,https://www.youtube.com/watch?v=20-OCnsTWro
,using ancient cosmetics to create modern makeup (do not try at home!),https://www.youtube.com/watch?v=T7tfDwn6pYU
,je me maquille avec les produits tarte cosmetics pour la premiÃ¨re fois !! pt1 (suite en comm),https://www.youtube.com/watch?v=Enw16MsDyEQ
,it cosmetics cc cream nude glow review #shorts #makeupshorts,https://www.youtube.com/watch?v=luu2OFee7-8
,elf cosmetics hits &amp; misses part 2,https://www.youtube.com/watch?v=IJcwQBzZFeg
,why i wont buy kylie cosmetics !,https://www.youtube.com/watch?v=9YUq9-XL6jM
,kylie jenner&#39;s new classic beauty routine | beauty secrets | vogue,https://www.youtube.com/watch?v=bEKufM_im88
,kylie cosmetics vs r.e.m beautyğŸ˜¬,https://www.youtube.com/watch?v=eYIJMkha9dQ
,what is the rarest gorilla tag cosmetic?,https://www.youtube.com/watch?v=16JY5OYNU-Q
,cosmetics in halo infinite be like-,https://www.youtube.com/watch?v=DndQJb33yq4
,kylie cosmetics vs r.e.m beautyğŸ˜³,https://www.youtube.com/watch?v=7qAWJw8yiVk
,pues perdÃ³n ğŸ¥²ğŸ’” #parati #xyzbca #cosmetics #makeup #shorts #short #trending #trendingshorts #fyp,https://www.youtube.com/watch?v=GiSYT3NoyHo
,"cvs ad preview (6/11 - 6/17) | lotion deals, cosmetics &amp; more!",https://www.youtube.com/watch?v=38JTsGsYgpg
,kylie cosmetics are underratedğŸ«£,https://www.youtube.com/watch?v=WMZMgTcdOOg
,mis favoritos de miin cosmetics Â¿quÃ© comprar? â™¥ï¸ guÃ­a bellezaâ¥monica vizuete,https://www.youtube.com/watch?v=uGbbrpMwQrU
,[beta] next season is here! all cosmetics (so far!) - sky children of the light | nastymold,https://www.youtube.com/watch?v=PJQ8wProzP8
,dark matter palette swatches  | melt cosmetics,https://www.youtube.com/watch?v=KLxKyxNpH6M
,indian wedding guest makeup look ğŸ˜ | #shorts | sugar cosmetics,https://www.youtube.com/watch?v=qId3liUWi4c
,kylie cosmetics vs r.e.m beautyğŸ˜­ğŸ¤,https://www.youtube.com/watch?v=dPXC4dtcgGE
,testing some of the mac cosmetics squirt plumping gloss sticks ğŸ«¶ğŸ¼ #makeup,https://www.youtube.com/watch?v=cP8ZFJej1Y0
,tu carita bien limpiecita ğŸ’œ #parati #xyzbca #cosmetics #aesthetic #makeup #skincare #shorts #viral,https://www.youtube.com/watch?v=H3xV7crRKJM
,grwm in turks &amp; caicos with tarte cosmetics ğŸ¤ğŸŒ´,https://www.youtube.com/watch?v=Qt5ryldepAs
,cosmetics calamity at the supermarket! | part 1,https://www.youtube.com/watch?v=OLfRIgeVZgg
,[tf2] demo&#39;s cosmetics suck!,https://www.youtube.com/watch?v=t6aHNsqL9DE
,doing my makeup with just kylie cosmeticsğŸ˜³,https://www.youtube.com/watch?v=I5JUti01VQ4
,what?! kylie cosmetics has new lipsticks?! ğŸ«¢,https://www.youtube.com/watch?v=Yn_tpooK1Q0
,honest review new unearthly cosmetics x heather austin resurgence palette + 2 looks,https://www.youtube.com/watch?v=8Egtq6_5FJg
,"new from saie beauty, nomad cosmetics, bk beauty &amp; more! | let&#39;s get glam!",https://www.youtube.com/watch?v=Itcctt_IT3o
,me salvÃ³ la vida ğŸ¥µğŸ”¥ #parati #xyzbca #cosmetics #aesthetic #makeup #skincare #viral #maquillaje,https://www.youtube.com/watch?v=uocpEhD0HuA
,es una obsesiÃ³n ğŸ’— #parati #xyzbca #cosmetics #tiktokbusiness #aesthetic #makeup #skincare #viral,https://www.youtube.com/watch?v=gZrESX54Yho
,adding kylie cosmetics to my huge collectionğŸ˜¨,https://www.youtube.com/watch?v=eFK86a2HLv8
,la nouvelle palette aim higher de lh cosmetics = ğŸ¤ (makeup rapide et lumineux),https://www.youtube.com/watch?v=KO941dBUq40
,laganja is the new trixie cosmetics ceo ğŸ‘€,https://www.youtube.com/watch?v=OHwjc50-2Ys
,the rise and fall of kylie cosmetics,https://www.youtube.com/watch?v=NcwXlf3Ey0o
,no entiendo ğŸ¥² #parati #xyzbca #cosmetics #fypã‚· #aesthetic #makeup #skincare #viral #maquillaje,https://www.youtube.com/watch?v=6BafXmk-W2s
